-- Data prepapred by Davood Rafiei, drafiei@ualberta.ca
---Vincent Wainman 
---Abeer Waheed
---Giancarlo Pernudi Segura
---HongZu Li

-- Let's insert some tuples to our tables. This is just an initial set and 
-- we definitly need more data for testing our queries.

PRAGMA foreign_keys = ON;

insert into users values ('u100','Davood Rafiei','Edmonton','2020-01-10');
insert into users values ('u200','Joe Smith','Vancouver','2020-08-15');
insert into users values ('u300','Mary Brown','Edmonton','2020-06-04');
insert into users values ('u001','Aled Hastings','Edmonton','2020-01-10');
insert into users values ('u002','Joe Smith','Vancouver','2020-08-15');
insert into users values ('u003','Mary Brown','Ottawa','2020-06-04');
insert into users values ('u004','Precious Friedman','Halifax','2019-01-10');
insert into users values ('u005','Edie Barlow','Quebec City','2019-08-15');
insert into users values ('u006','Kristy Simpson','Edmonton','2019-06-04');
insert into users values ('u007','Lilli Kane','Ottawa','2018-01-10');
insert into users values ('u008','Kody Hill','Halifax','2018-08-15');
insert into users values ('u009','Zavier Gilmore','Winnipeg','2018-06-04');
insert into users values ('u010','Diana Pratt','Calgary','2020-04-10');
insert into users values ('u011','Ace Harper','Whitehouse','2020-07-10');
insert into users values ('u012','Tymon Valazquez','Regina','2020-08-14');
insert into users values ('u013','Casper Grant','Edmonton','2017-01-04');
insert into users values ('u014','Laurence Sutton','Ottawa','2020-06-10');
insert into users values ('u015','Clarke Chan','Vancouver','2020-09-15');
insert into users values ('u016','Nancy King','Quebec City','2020-06-05');
insert into users values ('u017','Rocco Benton','Halifax','2020-01-14');
insert into users values ('u018','Colby Hartman','Winnipeg','2020-08-01');
insert into users values ('u019','Finnlay Regan','Calgary','2020-05-04');
insert into users values ('u020','Archibald Mcintyre','Victoria','2020-01-10');
insert into users values ('u021','Nieve Richard','Toronto','2020-12-20');
insert into users values ('u022','Mischa Yates','Vancouver','2020-08-24');
insert into users values ('u023','Gwion Goulding','Edmonton','2020-06-25');
insert into users values ('u024','Kean Barclay','Toronto','2020-06-21');
insert into users values ('u025','Evernett Rodrique','Toronto','2020-08-25');
insert into users values ('u026','Nicolas Akhtar','Halifax', '2016-03-24');
insert into users values ('u027','Wilson Greer','Winnipeg','2016-06-10');
insert into users values ('u028','Jace Whyte','Regina','2016-08-30');
insert into users values ('u029','Giuseppe David','Victoria','2016-06-30');
insert into users values ('u030','Samera Ahmad','Quebec City','2020-12-30');
insert into users values ('u031','Vihaan Meza','Toronto','2020-12-20');
insert into users values ('u032','Finnian Dillon','Vancouver','2020-08-24');
insert into users values ('u033','Kerion Sawyer','Edmonton','2020-06-25');
insert into users values ('u034','Layla-Mee Howells','Toronto','2020-06-21');
insert into users values ('u035','Taybah Penn','Toronto','2020-08-25');
insert into users values ('u036','Jimmie Colley','Halifax', '2016-03-24');
insert into users values ('u037','Kanye Kendall','Winnipeg','2016-06-10');
insert into users values ('u038','Huma Denton','Regina','2016-08-30');
insert into users values ('u039','Kierran Blankenship','Victoria','2016-06-30');
insert into users values ('u040','Ruari Wagstaff','Quebec City','2020-12-30');
insert into users values ('u041','Dillon Galindo','Toronto','2020-12-20');
insert into users values ('u042','Lillian Donovan','Vancouver','2020-08-24');
insert into users values ('u043','Luella Huffman','Edmonton','2020-06-25');
insert into users values ('u044','Tymon Fritz','Toronto','2020-06-21');
insert into users values ('u045','Yazmin Wolfe','Toronto','2020-08-25');
insert into users values ('u046','Cherie Marquez','Halifax', '2016-03-24');
insert into users values ('u047','Nabilah Butler','Winnipeg','2016-06-10');
insert into users values ('u048','Moshe Metcalfe','Regina','2016-08-30');
insert into users values ('u049','Terrence Henderson','Victoria','2016-06-30');
insert into users values ('u050','Samera Ahmad','Halifax','2019-12-30');


insert into badges values ('socratic question','gold');
insert into badges values ('stellar question', 'gold');
insert into badges values ('great answer','gold');
insert into badges values ('popular answer','gold');
insert into badges values ('fanatic user','gold');
insert into badges values ('legendary user','gold');
insert into badges values ('good question','silver');
insert into badges values ('good answer','silver');
insert into badges values ('enthusiast user','silver');
insert into badges values ('nice question','bronze');
insert into badges values ('nice answer','bronze');
insert into badges values ('commentator user','bronze');


insert into ubadges values ('u200','2020-09-06','stellar question');
insert into ubadges values ('u002','2020-09-06','stellar question');
insert into ubadges values ('u005','2020-04-12','socratic question');
insert into ubadges values ('u012','2019-03-30','nice answer');
insert into ubadges values ('u012','2019-05-23','good answer');
insert into ubadges values ('u043','2020-03-04','legendary user');
insert into ubadges values ('u043','2020-02-28','socratic question');
insert into ubadges values ('u043','2020-01-05','stellar question');
insert into ubadges values ('u028','2019-08-27','good question');
insert into ubadges values ('u028','2019-08-15','nice question');
insert into ubadges values ('u028','2020-01-11','legendary user');
insert into ubadges values ('u028','2020-03-12','great answer');
insert into ubadges values ('u030','2020-09-08','enthusiast user');
insert into ubadges values ('u030','2020-06-21','nice question');
insert into ubadges values ('u014','2019-12-14','popular answer');


insert into posts values ('p100',date('now','-30 days'),'What is a relational database?','What is the term referred to and what are the benefits?','u200');
insert into posts values ('p200',date('now','-29 days'),'introduction to relational databases','This is a post that introduce the relational databases including SQL','u100');
insert into posts values ('p300',date('now','-25 days'),'test answer tp p100','this is an answer to p100','u300');
insert into posts values ('p400',date('now','-10 days'),'test question 1','this is a test question 1','u100');
insert into posts values ('p500',date('now','-15 days'),'test question 2','this is a test question 2','u100');
insert into posts values ('p600',date('now','-10 days'),'test answer tp p500','this is a answer to p500','u100');
insert into posts values ('p700',date('now','-25 days'),'test answer tp p100','this is relational database test','u100');

insert into tags values ('p100','relational');
insert into tags values ('p100','database');
insert into tags values ('p200','relational');
insert into tags values ('p200','sql');
insert into tags values ('p300','test');
insert into tags values ('p400','question');
insert into tags values ('p500','answer');
insert into tags values ('p600','answer');
insert into tags values ('p400','test');
insert into tags values ('p500','test');
insert into tags values ('p600','test');
insert into tags values ('p700','relational');
insert into tags values ('p700','database');
insert into tags values ('p700','test');

insert into votes values ('p200',1,date('now','-20 days'),'u200');
insert into votes values ('p100',2,date('now','-19 days'),'u100');
insert into votes values ('p200',3,date('now','-18 days'),'u300');
insert into votes values ('p300',4,date('now','-17 days'),NULL);
insert into votes values ('p400',5,date('now','-16 days'),NULL);
insert into votes values ('p500',6,date('now','-15 days'),'u300');

insert into questions values ('p100',null);
insert into questions values ('p400',null);
insert into questions values ('p500',null);
insert into answers values ('p200','p100');
insert into answers values ('p300','p100');
insert into answers values ('p600','p500');


insert into posts values ('p001',date('now','-30 days'),'What is a relational database?','What is the term referred to and what are the benefits?','u002');
insert into questions values ('p001',null);
insert into votes values ('p001',1,date('now','-5 days'),'u012');
insert into votes values ('p001',2,date('now','-7 days'),'u034');
insert into votes values ('p001',3,date('now','-2 days'),'u021');
insert into votes values ('p001',4,date('now','-8 days'),'u043');
insert into votes values ('p001',5,date('now','-3 days'),'u007');
insert into tags values ('p001','relational');
insert into tags values ('p001','database');
insert into tags values ('p001','frequentTag1');
insert into posts values ('p002',date('now','-29 days'),'Introduction to relational database','This is a post that introduce the relational databases including SQL','u012');
insert into answers values ('p002','p001');
insert into votes values ('p002',1,date('now','-16 days'),'u012');
insert into tags values ('p002','relational');
insert into tags values ('p002','Database');
insert into tags values ('p002','sql');
insert into tags values ('p002','data');

insert into posts values ('p003',date('now','-30 days'),'Why use SQL?','what are the different uses for it', 'u050');
insert into questions values ('p003',null);
insert into votes values ('p003',1,date('now','-3 days'),'u050');
insert into tags values ('p003','sql');
insert into tags values ('p003','CMPUT291');
insert into tags values ('p003','relational');
insert into tags values ('p003','frequentTag1');
insert into posts values ('p004',date('now','-23 days'),'Answer to what is SQL','it is a structured query language', 'u050');
insert into answers values ('p004','p003');
insert into votes values ('p004',1,date('now','-6 days'),'u050');
insert into posts values ('p005',date('now','-24 days'),'second answer to what is SQL', 'it has lots of uses', 'u028');
insert into answers values ('p005','p003');
insert into votes values ('p005',1,date('now','-5 days'),'u028');
insert into votes values ('p005',2,date('now','-8 days'),'u028');

insert into posts values ('p006',date('now','-30 days'),'Databases question?','This is a question regarding databases','u050');
insert into questions values ('p006',null);
insert into tags values ('p006','database');
insert into tags values ('p006','computing');
insert into tags values ('p006','frequentTag2');
insert into posts values ('p007',date('now','-23 days'),'answer to databases question','test case for query two', 'u050');
insert into answers values ('p007','p006');
insert into votes values ('p007',1,date('now','-2 days'),'u050');
insert into tags values ('p007','Database');
insert into tags values ('p007','frequentTag2');
insert into posts values ('p008',date('now','-27 days'),'second answer to database question', 'just another answer', 'u028');
insert into answers values ('p008','p006');
insert into votes values ('p008',1,date('now','-6 days'),'u028');
insert into votes values ('p008',2,date('now','-9 days'),'u028');
insert into tags values ('p008','Database');
insert into tags values ('p008','access');

insert into posts values ('p009',date('now','-27 days'),'what is relational query language?', 'just another question','u050');
insert into questions values ('p009',null);
insert into tags values ('p009','relational');
insert into tags values ('p009','query');
insert into tags values ('p009','frequentTag3');
insert into posts values ('p010',date('now','-27 days'),'answer to relational query question', 'just another answer','u050');
insert into answers values ('p010','p009');
insert into votes values ('p010',1,date('now','-7 days'),'u050');
insert into tags values ('p010','relational');
insert into tags values ('p010','query');
insert into tags values ('p010','frequentTag3');
insert into posts values ('p011',date('now','-27 days'),'second answer to relational query question', 'just another answer','u023');
insert into answers values ('p011','p009');
insert into tags values ('p011','relational');
insert into tags values ('p011','Sql language');

insert into posts values ('p012',date('now','-27 days'),'what is a good Relational Database Software?', 'just another question','u030');
insert into questions values ('p012',null);
insert into tags values ('p012','sql');
insert into tags values ('p012','query');
insert into posts values ('p013',date('now','-23 days'),'answer to database question question', 'just another answer','u030');
insert into answers values ('p013','p012');
insert into tags values ('p013','sql');
insert into tags values ('p013','query');

insert into posts values ('p014',date('now','-23 days'),'How do we model ER diagrams?','What are the shapes assigned for entities and relationships in an ER diagram?','u030');
insert into questions values ('p014',null);
insert into tags values ('p014','sql language');
insert into tags values ('p014', 'relational');
insert into posts values ('p028',date('now','-15 days'),'ER diagrams','The shape for entities is a rectangle while it is a rhombus for relationships','u030');
insert into answers values ('p028','p014');
insert into tags values ('p028', 'database');

insert into posts values ('p015',date('now','-20 days'),'what do we learn in cmput291?', 'just another question','u023');
insert into questions values ('p015',null);
insert into tags values ('p015','RELATIONAL');
insert into tags values ('p015','database');
insert into posts values ('p030',date('now','-5 days'),'Answer for post 15','Nothing to see here','u023');
insert into answers values ('p030','p015');
insert into posts values ('p016',date('now','-15 days'),'relational database', 'just another answer','u023');
insert into answers values ('p016','p015');
insert into tags values ('p016','sql language');
insert into posts values ('p017',date('now','-20 days'),'we learn sql', 'just another answer', 'u023');
insert into answers values ('p017','p015');
insert into tags values ('p017','query');
insert into tags values ('p017','sql language');

insert into posts values ('p018',date('now','-23 days'),'why do we learn sqlite3?', 'is it to access a relational database?', 'u028');
insert into questions values ('p018',null);
insert into votes values ('p018',1,date('now','-7 days'),'u028');
insert into votes values ('p018',2,date('now','-2 days'),'u028');

insert into posts values ('p019',date('now','-27 days'),'what is relational arithmetic?','I am an answerless question','u030');
insert into questions values ('p019',null);

insert into posts values ('p020',date('now','-30 days'),'What is the goal of this assignment?', 'I am an answerless question','u043');
insert into questions values ('p020',null);

insert into posts values ('p021',date('now','-30 days'),'how do we get better at writing queries?','just another question','u040');
insert into questions values ('p021',null);
insert into posts values ('p022',date('now','-23 days'),'just practice', 'just another answer','u040');
insert into answers values ('p022','p021');
insert into posts values ('p023',date('now','-27 days'),'more practice', 'just another answer','u013');
insert into answers values ('p023','p021');
insert into votes values ('p023',1,date('now','-17 days'),'u013');

insert into posts values ('p024',date('now','-20 days'),'how do we do well in cmput291?', 'just another question','u040');
insert into questions values ('p024',null);
insert into posts values ('p025',date('now','-15 days'),'study', 'just another answer','u040');
insert into answers values ('p025','p024');
insert into posts values ('p026',date('now','-13 days'),'more studying', 'just another answer', 'u023');
insert into answers values ('p026','p024');
insert into votes values ('p026',1,date('now','-10 days'),'u023');

insert into posts values ('p027',date('now','-60 days'),'is cmput291 difficult?', 'just another question','u040');
insert into questions values ('p027',null);
insert into votes values ('p027',1,date('now','-14 days'),'u040');
insert into posts values ('p029',date('now','-27 days'),'not really!','just another answer', 'u040');
insert into answers values ('p029','p027');
insert into votes values ('p029',1,date('now','-4 days'),'u040');

insert into posts values ('p031',date('now','-10 days'), 'Am I the post with famous tags? ', 'my famous tags are fun sleep and boring','u035');
insert into questions values ('p031',null);
insert into votes values ('p031',1,date('now','-5 days'),'u002');
insert into votes values ('p031',2,date('now','-6 days'),'u005');
insert into votes values ('p031',3,date('now','-7 days'),'u032');
insert into votes values ('p031',4,date('now','-8 days'),'u024');
insert into votes values ('p031',5,date('now','-9 days'),'u015');
insert into votes values ('p031',6,date('now','-2 days'),'u017');
insert into votes values ('p031',7,date('now','-5 days'),'u002');
insert into votes values ('p031',8,date('now','-6 days'),'u005');
insert into votes values ('p031',9,date('now','-7 days'),'u032');
insert into votes values ('p031',10,date('now','-8 days'),'u024');
insert into votes values ('p031',11,date('now','-9 days'),'u015');
insert into votes values ('p031',12,date('now','-2 days'),'u017');
insert into votes values ('p031',13,date('now','-5 days'),'u004');
insert into votes values ('p031',14,date('now','-6 days'),'u003');
insert into votes values ('p031',15,date('now','-7 days'),'u006');
insert into votes values ('p031',16,date('now','-8 days'),'u007');
insert into votes values ('p031',17,date('now','-9 days'),'u008');
insert into votes values ('p031',18,date('now','-2 days'),'u009');
insert into votes values ('p031',19,date('now','-5 days'),'u010');
insert into votes values ('p031',20,date('now','-6 days'),'u011');
insert into votes values ('p031',21,date('now','-7 days'),'u012');
insert into votes values ('p031',22,date('now','-8 days'),'u013');
insert into votes values ('p031',23,date('now','-9 days'),'u014');
insert into votes values ('p031',24,date('now','-2 days'),'u016');
insert into tags values ('p031','fun');
insert into tags values ('p031','sleep');
insert into tags values ('p031','boring');
insert into tags values ('p031','extra tag');
insert into tags values ('p031','just here');


insert into posts values ('p032',date('now','-10 days'), 'yes I the post with famous tags? ', 'my famous tags are fun sleep and boring','u035');
insert into answers values ('p032','p031');
insert into votes values ('p032',1,date('now','-5 days'),'u002');
insert into votes values ('p032',2,date('now','-6 days'),'u005');
insert into votes values ('p032',3,date('now','-7 days'),'u032');
insert into votes values ('p032',4,date('now','-8 days'),'u024');
insert into votes values ('p032',5,date('now','-9 days'),'u015');
insert into votes values ('p032',6,date('now','-2 days'),'u017');
insert into votes values ('p032',7,date('now','-5 days'),'u002');
insert into votes values ('p032',8,date('now','-6 days'),'u005');
insert into votes values ('p032',9,date('now','-7 days'),'u032');
insert into votes values ('p032',10,date('now','-8 days'),'u024');
insert into votes values ('p032',11,date('now','-9 days'),'u015');
insert into votes values ('p032',12,date('now','-2 days'),'u017');
insert into votes values ('p032',13,date('now','-5 days'),'u004');
insert into votes values ('p032',14,date('now','-6 days'),'u003');
insert into votes values ('p032',15,date('now','-7 days'),'u006');
insert into votes values ('p032',16,date('now','-8 days'),'u007');
insert into votes values ('p032',17,date('now','-9 days'),'u008');
insert into votes values ('p032',18,date('now','-2 days'),'u009');
insert into votes values ('p032',19,date('now','-5 days'),'u010');
insert into votes values ('p032',20,date('now','-6 days'),'u011');
insert into votes values ('p032',21,date('now','-7 days'),'u012');
insert into votes values ('p032',22,date('now','-8 days'),'u013');
insert into votes values ('p032',23,date('now','-9 days'),'u014');
insert into votes values ('p032',24,date('now','-2 days'),'u016');
insert into tags values ('p032','fun');
insert into tags values ('p032','sleep');

insert into posts values ('p033',date('now','-10 days'), 'Am I the SECOND post with famous tags? ', 'my famous tags are fun','u049');
insert into questions values ('p033',null);
insert into votes values ('p033',1,date('now','-5 days'),'u002');
insert into votes values ('p033',2,date('now','-6 days'),'u005');
insert into votes values ('p033',3,date('now','-7 days'),'u032');
insert into votes values ('p033',4,date('now','-8 days'),'u024');
insert into votes values ('p033',5,date('now','-9 days'),'u015');
insert into votes values ('p033',6,date('now','-2 days'),'u017');
insert into votes values ('p033',7,date('now','-5 days'),'u002');
insert into votes values ('p033',8,date('now','-6 days'),'u005');
insert into votes values ('p033',9,date('now','-7 days'),'u032');
insert into votes values ('p033',10,date('now','-8 days'),'u024');
insert into votes values ('p033',11,date('now','-9 days'),'u015');
insert into votes values ('p033',12,date('now','-2 days'),'u017');
insert into votes values ('p033',13,date('now','-5 days'),'u004');
insert into votes values ('p033',14,date('now','-6 days'),'u003');
insert into votes values ('p033',15,date('now','-7 days'),'u006');
insert into votes values ('p033',16,date('now','-8 days'),'u007');
insert into votes values ('p033',17,date('now','-9 days'),'u008');
insert into votes values ('p033',18,date('now','-2 days'),'u009');
insert into votes values ('p033',19,date('now','-5 days'),'u010');
insert into votes values ('p033',20,date('now','-6 days'),'u011');
insert into votes values ('p033',21,date('now','-7 days'),'u012');
insert into votes values ('p033',22,date('now','-8 days'),'u013');
insert into tags values ('p033','fun');
insert into tags values ('p033','tag tag');
insert into tags values ('p033','more tag');

insert into posts values ('p034',date('now','-10 days'), 'yes I the SECOND post with famous tags? ', 'my famous tags are sleep and boring','u007');
insert into answers values ('p034','p031');
insert into votes values ('p034',1,date('now','-5 days'),'u002');
insert into votes values ('p034',2,date('now','-6 days'),'u005');
insert into votes values ('p034',3,date('now','-7 days'),'u032');
insert into votes values ('p034',4,date('now','-8 days'),'u024');
insert into votes values ('p034',5,date('now','-9 days'),'u015');
insert into votes values ('p034',6,date('now','-2 days'),'u017');
insert into votes values ('p034',7,date('now','-5 days'),'u002');
insert into votes values ('p034',8,date('now','-6 days'),'u005');
insert into votes values ('p034',9,date('now','-7 days'),'u032');
insert into votes values ('p034',10,date('now','-8 days'),'u024');
insert into votes values ('p034',11,date('now','-9 days'),'u015');
insert into votes values ('p034',12,date('now','-2 days'),'u017');
insert into votes values ('p034',13,date('now','-5 days'),'u004');
insert into votes values ('p034',14,date('now','-6 days'),'u003');
insert into votes values ('p034',15,date('now','-7 days'),'u006');
insert into votes values ('p034',16,date('now','-8 days'),'u007');
insert into votes values ('p034',17,date('now','-9 days'),'u008');
insert into votes values ('p034',18,date('now','-2 days'),'u009');
insert into votes values ('p034',19,date('now','-5 days'),'u010');
insert into votes values ('p034',20,date('now','-6 days'),'u011');
insert into votes values ('p034',21,date('now','-7 days'),'u012');
insert into votes values ('p034',22,date('now','-8 days'),'u013');
insert into tags values ('p034','sleep');
insert into tags values ('p034','boring');
insert into tags values ('p034','test tag');
insert into tags values ('p034','tag test');

-----
insert into users values ('u101','Richard Sutton', 'Edmonton', '2018-01-05');
insert into users values ('u102','Adam White', 'Edmonton', '2018-06-02');
insert into users values ('u103','Alan Turing', 'London', '2018-02-18');
insert into users values ('u104','Linus Torvalds', 'Helsinki', '2018-10-20');
insert into users values ('u105','Richard Stallman', 'New york', '2018-12-31');
insert into users values ('u106', 'Bjarne Stroustrup', 'New York', '2019-01-01');
insert into users values ('u107', 'Ken Thompson', 'New Orleans', '2018-10-10');
insert into users values ('u108', 'Tom Lane', 'Madrid', '2018-11-30');
insert into users values ('u109', 'Dennis Ritchie', 'Bronxville', '2018-03-12');
insert into users values ('u110', 'Michael Stonebraker', 'Newburyport', '2018-09-11');

insert into badges values ('best answer', 'gold');
insert into badges values ('great question', 'gold');
insert into badges values ('exquisite answer', 'gold');
insert into badges values ('smart person', 'gold');
insert into badges values ('thought provoking question', 'gold');
insert into badges values ('intriguing question', 'silver');
insert into badges values ('gucci answer', 'silver');
insert into badges values ('bait question', 'silver');
insert into badges values ('almost correct answer', 'silver');
insert into badges values ('mediocre question', 'bronze');
insert into badges values ('mediocre answer', 'bronze');
insert into badges values ('confusing question', 'bronze');

insert into ubadges values ('u106', '2019-06-20', 'smart person');
insert into ubadges values ('u107', '2019-07-01', 'smart person');

insert into posts values ('p101', '2019-01-02', 'Exiting vim', 'How do I exit vim?', 'u001');
insert into questions values ('p101', null);
insert into tags values ('p101', 'vim');
insert into votes values ('p101', 1, '2019-01-02', 'u102');
insert into posts values ('p102', '2019-01-02', 'Easy', ':q', 'u102');
insert into answers values ('p102', 'p101');
insert into tags values('p102', 'vim');
insert into tags values('p102', 'exiting');
insert into votes values ('p102', 1, '2019-01-02', 'u103');
insert into votes values ('p102', 2, '2019-01-03', 'u104');
insert into votes values ('p102', 3, '2019-01-03', 'u105');
update questions set theaid = 'p102' where pid = 'p101';
insert into posts values ('p103', '2019-01-03', 'Turn off your computer', 'Give up and just restart your computer to exit vim.', 'u104');
insert into answers values ('p103', 'p101');
insert into tags values('p103', 'vim');
insert into tags values('p103', 'troll');
insert into tags values('p103', 'restart');
insert into ubadges values ('u101', '2019-01-03', 'great question');
insert into ubadges values ('u102', '2019-01-03', 'exquisite answer');

insert into posts values ('p104', '2019-08-07', 'SQL opinions', 'What are people''s opintions on sqlite?', 'u108');
insert into questions values('p104', null);
insert into tags values ('p104', 'relational');
insert into tags values ('p104', 'DATABASE');
insert into tags values ('p104', 'sql');
insert into tags values ('p104', 'opinion');
insert into posts values ('p105', '2019-08-12', 'My opinion', 'I like sqlite.', 'u101');
insert into answers values ('p105', 'p104');
insert into tags values ('p105', 'opinion');
insert into tags values ('p105', 'sqlite');
insert into posts values ('p106', '2019-08-13', 'My honest opinion', 'I don''t like it', 'u108');
insert into answers values ('p106', 'p104');
insert into tags values ('p106', 'opinion');
insert into ubadges values ('u108', '2019-08-09', 'great question');

insert into posts values ('p107', '2020-08-07', 'Listing hidden files/folders', 'How do I list the hidden folders and files using ls?', 'u108');
insert into questions values ('p107', null);
insert into tags values ('p107', 'ls');
insert into tags values ('p107', 'unix');
insert into tags values ('p107', 'hidden');
insert into posts values ('p108', '2020-08-15', 'Not possible', 'I don''t think that functionality exists yet.', 'u107');
insert into answers values ('p108', 'p107');
insert into tags values ('p108', 'feature');
insert into posts values ('p109', '2020-08-16', 'Figured it out', 'Turns out you just have to use the -a flag.', 'u108');
insert into answers values ('p109', 'p107');
insert into tags values ('p109', 'flag');
insert into votes values ('p109', 1, '2020-08-17', 'u105');
insert into votes values ('p109', 2, '2020-08-17', 'u109');
update questions set theaid = 'p109' where pid = 'p107';
--insert into ubadges values ('u007', '2020-08-18', 'mediorce answer');
insert into ubadges values ('u108', '2020-08-18', 'best answer');

insert into posts values ('p110', '2020-09-19', 'Lab machine ubuntu version', 'Which ubuntu version do the lab machines run?', 'u101');
insert into questions values ('p110', null);
insert into tags values ('p110', 'ubuntu');
insert into tags values ('p110', 'lab');
insert into tags values ('p110', 'version');
insert into votes values ('p110', 1, '2020-09-19', 'u102');
insert into votes values ('p110', 2, '2020-09-19', 'u104');
insert into votes values ('p110', 3, '2020-09-19', 'u106');
insert into votes values ('p110', 4, '2020-09-20', 'u108');
insert into votes values ('p110', 5, '2020-09-20', 'u110');
insert into posts values ('p111', '2020-09-20', 'Ubuntu version', 'The version is Ubuntu 16.04.7 LTS (GNU/Linux 4.15.0-112-generic x86_64).', 'u103');
insert into answers values ('p111', 'p110');
insert into tags values ('p111', 'LTS');
insert into tags values ('p111', 'version');
insert into votes values ('p111', 1, '2020-09-20', 'u101');
insert into votes values ('p111', 2, '2020-09-20', 'u102');
insert into votes values ('p111', 3, '2020-09-20', 'u106');
insert into votes values ('p111', 4, '2020-09-20', 'u107');
insert into votes values ('p111', 5, '2020-09-21', 'u109');
update questions set theaid = 'p111' where pid = 'p110';
insert into posts values ('p112', '2020-09-21', 'Lab machines version', 'The version is 16.04.', 'u104');
insert into answers values ('p112', 'p110');
insert into tags values ('p112', 'version');
insert into ubadges values ('u103', '2020-09-21', 'gucci answer');

insert into posts values ('p113', '2020-09-20', 'Relational Database', 'Does a relational database imply that there are non-relation databases?', 'u105');
insert into questions values('p113', null);
insert into tags values ('p113', 'relational');
insert into tags values ('p113', 'opposite');
insert into tags values ('p113', 'sql');
insert into posts values ('p114', '2020-09-22', 'Not sure', 'I would presume it does but I''m not completely sure.', 'u106');
insert into answers values ('p114', 'p113');
insert into votes values ('p114', 1, '2020-09-22', 'u108');
insert into posts values ('p115', '2020-09-23', 'Yes', 'There has to be', 'u109');
insert into answers values ('p115', 'p113');
insert into posts values ('p116', '2020-09-23', 'Non-SQL', 'They exist and do not use SQL. They can be more flexible than relational databases.', 'u110');
insert into answers values ('p116', 'p113');
insert into tags values ('p116', 'non-SQL');
insert into tags values ('p116', 'database');
insert into votes values ('p116', 1, '2020-09-23', 'u102');
insert into votes values ('p116', 2, '2020-09-24', 'u101');
insert into votes values ('p116', 3, '2020-09-24', 'u103');
insert into votes values ('p116', 4, '2020-09-24', 'u104');
update questions set theaid = 'p116' where pid = 'p113';
--insert into ubadges values ('u005', '2020-09-23', 'intruiging question');
insert into ubadges values ('u110', '2020-09-24', 'exquisite answer');

insert into posts values ('p117', '2020-09-20', 'Lab machines SSH', 'What is the url of the lab machines we can ssh into?', 'u104');
insert into questions values('p117', null);
insert into tags values ('p117', 'lab');
insert into tags values ('p117', 'ssh');
insert into tags values ('p117', 'url');
insert into posts values ('p118', '2020-09-21', 'ssh url', 'You can use ugXX.ca.ualberta.cs, where XX is a number.', 'u105');
insert into answers values ('p118', 'p117');
insert into votes values ('p118', 1, '2020-09-21', 'u108');
insert into posts values ('p119', '2020-09-22', 'url for ssh typo', 'The other answer has a typo. The url would instead be ugXX.cs.ualberta.ca', 'u109');
insert into answers values ('p119', 'p117');
insert into votes values ('p119', 1, '2020-09-22', 'u104');
insert into votes values ('p119', 2, '2020-09-23', 'u102');
insert into posts values ('p120', '2020-09-23', 'lab machine ssh url', 'You can simply use ohaton.cs.ualberta.ca for the ssh url.', 'u110');
insert into answers values ('p120', 'p117');
insert into tags values ('p120', 'lab');
insert into tags values ('p120', 'ssh');
insert into tags values ('p120', 'ualberta');
insert into tags values ('p120', 'url');
insert into tags values ('p120', 'cs');
insert into votes values ('p120', 1, '2020-09-23', 'u102');
insert into votes values ('p120', 2, '2020-09-24', 'u101');
insert into votes values ('p120', 3, '2020-09-24', 'u103');
insert into votes values ('p120', 4, '2020-09-24', 'u104');
update questions set theaid = 'p120' where pid = 'p017';
insert into ubadges values ('u104', '2020-09-23', 'mediocre question');
insert into ubadges values ('u105', '2020-09-24', 'exquisite answer');
insert into ubadges values ('u110', '2020-09-23', 'best answer');

insert into posts values ('p121', '2020-09-25', 'Best text editor', 'What is the best text editor?', 'u108');
insert into questions values ('p121', null);
insert into tags values ('p121', 'editor');
insert into posts values ('p122', '2020-09-25', 'vim', 'It''s minimal and comes on 99% of linux installations', 'u108');
insert into answers values ('p122', 'p121');
insert into tags values ('p122', 'editor');
insert into tags values ('p122', 'vim');
insert into posts values ('p123', '2020-09-25', 'emacs', 'It''s more powerfull.', 'u109');
insert into answers values ('p123', 'p121');
insert into tags values ('p123', 'editor');
insert into tags values ('p123', 'emacs');


----------

insert into users values ('u201','Vince Wain', 'Edmonton', '2019-01-05');
insert into users values ('u202','George', 'Regina', '2019-01-06');
insert into users values ('u203','Martha', 'Toronto', '2019-01-10');
insert into users values ('u204','Donald Comb', 'Edmonton', '2019-01-15');
insert into users values ('u205','Jane Doe', 'Regina', '2019-02-03'); 
insert into users values ('u206','John Doe', 'Regina', '2019-02-03');
insert into users values ('u207','Mark Burger', 'Toronto', '2019-03-04');
insert into users values ('u208','Stevey Manny', 'Calgary', '2019-03-05');
insert into users values ('u209','Barney Barns', 'Calgary', '2019-03-06');
insert into users values ('u210','Jane Doe', 'Ottawa', '2019-03-08');
insert into users values ('u211','Lily Ford', 'Regina', '2019-06-03'); 
insert into users values ('u212','Joe Butters', 'Regina', '2019-06-03');
insert into users values ('u213','Henry', 'Toronto', '2019-06-04');
insert into users values ('u214','Stanley', 'Calgary', '2019-06-05');
insert into users values ('u215','Riley', 'Toronto', '2019-06-06');
insert into users values ('u216','Haley', 'Ottawa', '2019-06-08');

insert into badges values ('astounding question','gold');
insert into badges values ('incredible question', 'gold');
insert into badges values ('fantastic answer','gold');
insert into badges values ('epic answer','gold');
insert into badges values ('ultra user','gold');
insert into badges values ('renowned user','gold');
insert into badges values ('original question','silver');
insert into badges values ('original answer','silver');
insert into badges values ('nice try question','bronze');
insert into badges values ('nice try answer','bronze');
insert into badges values ('unoriginal answer','plastic');
insert into badges values ('unoriginal question','plastic');
insert into badges values ('nothing better to do user','plastic');


insert into ubadges values ('u202', '2019-06-10', 'ultra user');
insert into ubadges values ('u203', '2019-06-11', 'renowned user');

insert into posts values ('p201','2019-01-06','What can I do to earn badges?', 'What kind of posts do people tend to give out badges for?','u201');
insert into questions values ('p201', null);
insert into tags values ('p201','badges');
insert into votes values ('p201',1,'2019-01-06','u201');
insert into posts values ('p202','2019-01-06','Quality, not quantity','Think of innovative original questions that are intriguing or answers that are brief but easy to understand!','u202');
insert into answers values ('p202','p201');
insert into tags values ('p202','original');
insert into posts values ('p203','2019-02-05','Be yourself!','The best thing you can do is provide your own original perspective','u203');
insert into answers values ('p203','p201');
insert into tags values ('p203','unique'); 
insert into posts values ('p208', '2019-03-12','Avoid negativity', 'Whatever you do, do not be negative','u201');
insert into answers values ('p208','p201');
insert into votes values ('p202',1,'2019-01-07','u202');
insert into votes values ('p202',2,'2019-01-07','u201');
insert into votes values ('p202',3,'2019-01-11','u203');
insert into ubadges values ('u201', '2019-05-06', 'astounding question');

insert into posts values ('p204', '2019-02-05','How will governing change in the next decade?','How will governments evolve with the current state of the world?','u204');
insert into questions values ('p204', null);
insert into tags values ('p204', 'government');
insert into tags values ('p204', 'world');
insert into tags values ('p204', 'life');
insert into tags values ('p204', 'society');
insert into posts values ('p205', '2019-02-05','True global cooperation with climate change','I think as climate change gets worse, countries will have no choice but to cooperate together to keep the earth sustainable. In short, there will be drastic changes to the way people consume goods in an effort to prevent our extinction as a species.','u201');
insert into answers values ('p205', 'p204');
insert into tags values ('p205', 'climate change');
insert into tags values ('p205', 'life');
insert into tags values ('p205', 'society');
insert into votes values ('p205',1,'2019-02-06','u201');
insert into votes values ('p205',2,'2019-02-07','u202');
insert into ubadges values ('u204', '2019-02-07', 'incredible question');

insert into posts values ('p206', '2019-03-10', 'Relational algebra', 'What makes the relational algebra queries unique?','u205');
insert into questions values ('p206', null);
insert into tags values ('p206', 'Relational');
insert into tags values ('p206', 'Algebra');
insert into tags values ('p206', 'Database');
insert into tags values ('p206', 'queries');
insert into tags values ('p206', 'unique');

insert into posts values ('p207', '2019-03-11', 'ReLaTiOnAl DaTaBaSe SQL Queries', 'What are some example of sql queries?','u205');
insert into questions values ('p207', null);
insert into tags values ('p207', 'relational');
insert into tags values ('p207', 'database');
insert into tags values ('p207', 'queries');
insert into tags values ('p207', 'sql');

insert into posts values ('p209', '2019-03-14', 'How do you succeed in life?', 'What are some tried-and-true methods to succeed in every aspect of life?', 'u201');
insert into questions values ('p209', null);
insert into tags values ('p209', 'success');
insert into tags values ('p209', 'life');
insert into posts values ('p210', '2019-03-14', 'Keep failing', 'Most success stories do not happen without a lot of failure. People who succeed have a drive that keeps them going despite those failures.', 'u201');
insert into answers values ('p210', 'p209');
insert into votes values ('p210',1,'2019-03-15','u201');

insert into posts values ('p211', '2019-05-14', 'How do you rob your childs piggy bank?', 'What is the best way to rob your child without them noticing? I am at a desperate point in life', 'u201');
insert into questions values ('p211', null);
insert into tags values ('p211', 'life');
insert into tags values ('p211', 'child');
insert into tags values ('p211', 'piggy bank');
insert into posts values ('p212', '2019-05-14', 'Screwdriver', 'If you really have to, use a screwdriver, do not shatter the piggy bank or else they will definitely notice.', 'u201');
insert into answers values ('p212', 'p211');
insert into tags values ('p212', 'life');
insert into tags values ('p212', 'money');
insert into tags values ('p212', 'piggy bank');
insert into tags values ('p212', 'screwdriver');
insert into votes values ('p212',1,'2019-05-15','u201');
insert into votes values ('p212',2,'2019-05-15','u202');
insert into votes values ('p212',3,'2019-05-16','u203');
insert into votes values ('p212',4,'2019-05-17','u204');
insert into ubadges values ('u201', '2019-05-17', 'incredible question');

insert into posts values ('p213', '2019-05-14', 'What are the ethical ramifications of artificial intelligence?', 'As AI gets more and more advanced, will they need their own class of ethics? In other words, do they need to be treated differently than humans?','u204');
insert into questions values ('p213', null);
insert into tags values ('p213', 'ethics');
insert into tags values ('p213', 'life');
insert into tags values ('p213', 'AI');
insert into tags values ('p213', 'society');
insert into votes values ('p213',1,'2019-05-14','u204');
insert into votes values ('p213',2,'2019-05-15','u202');
insert into votes values ('p213',3,'2019-05-15','u201');
insert into votes values ('p213',4,'2019-05-16','u203');
insert into votes values ('p213',5,'2019-05-16','u205');
insert into posts values ('p214','2019-05-14','','Ethic systems tend to evolve with the drive of the human race to survive. AI is fascinating in the sense that humans can instill their own sense of ethics in AI to follow common sense rules.','u201');
insert into answers values ('p214', 'p213');
insert into tags values ('p214', 'society');
insert into tags values ('p214', 'ethics');
insert into tags values ('p214', 'law');
insert into posts values ('p215','2019-05-14','','People should have moral obligations to their machines, just like we have moral obligations to animals. I think we will live to see robot rights being a real thing.','u204');
insert into answers values ('p215', 'p213');
insert into tags values ('p215', 'robot');
insert into tags values ('p215', 'rights');
insert into tags values ('p215', 'society');
insert into ubadges values ('u204', '2019-05-14', 'incredible question');
insert into ubadges values ('u204', '2019-05-15', 'epic answer');

insert into posts values ('p216', '2019-05-14', 'What do we benefit from exploring space?','What is the point of exploring space? I don''t see how it''s beneficial whatsoever.','u205');
insert into questions values ('p216', null);
insert into tags values ('p216', 'space');
insert into posts values ('p217', '2019-05-14', 'There are so many reasons','There are so many societal benefits for everyone on earth that stems from space exploration. We innovate with new tech and knowledge, enrich our culture and inspire many to understand humanity''s place in the universe.','u202');
insert into answers values ('p217', 'p216');
insert into tags values ('p217', 'space');
insert into tags values ('p217', 'society');
insert into tags values ('p217', 'universe');
insert into tags values ('p217', 'benefits');
insert into votes values ('p217',1,'2019-05-14','u210');
insert into votes values ('p217',2,'2019-05-15','u209');
insert into votes values ('p217',3,'2019-05-15','u208');
insert into votes values ('p217',4,'2019-05-16','u207');
insert into votes values ('p217',5,'2019-05-16','u206');
insert into posts values ('p248', '2019-05-14', 'The costs outweigh the benefits', 'When there are so many problems that need to be addressed here and now on earth, we are needlessly focusing so much talent, money and effort towards silly dreams. All of that energy could be diverted to solve the societal problems affecting humanity today. We should not be exploring space until we squash things like climate change, poverty and disease.','u007');
insert into answers values ('p248', 'p216');
insert into tags values ('p248', 'space');
insert into tags values ('p248', 'society');
insert into tags values ('p248', 'climate change');
insert into votes values ('p248',1,'2019-05-14','u205');
insert into votes values ('p248',2,'2019-05-15','u203');
insert into votes values ('p248',3,'2019-05-16','u204');
insert into votes values ('p248',4,'2019-05-18','u202');
insert into votes values ('p248',5,'2019-05-17','u201');
insert into votes values ('p248',6,'2019-05-19','u206');
insert into ubadges values ('u205', '2019-05-14', 'astounding question');
insert into ubadges values ('u202', '2019-05-14', 'fantastic answer');

insert into posts values ('p218','2020-09-20','How do you take care of plants?','What are the common rule of thumbs to gardening?','u016');
insert into questions values ('p218', null);
insert into tags values ('p218', 'plants');
insert into tags values ('p218', 'gardening');
insert into posts values ('p219','2020-09-21','7 rule of thumbs','1. understand each plant has its own needs 2. soil is important 3. keep a watering calendar 4. stick your thumb into soil to see if the plant is dry 5. pull out diseased plants 6. dig the right hole 7. take your time and have fun!','u201');
insert into answers values ('p219', 'p218');
insert into tags values ('p219', 'rules');
insert into tags values ('p219', 'gardening');
insert into tags values ('p219', 'fun');
insert into votes values ('p219',1,'2020-09-21','u216');
insert into votes values ('p219',2,'2020-09-21','u209');
insert into votes values ('p219',3,'2020-09-22','u210');
insert into votes values ('p219',4,'2020-09-22','u215');
insert into votes values ('p219',5,'2020-09-23','u201');
insert into votes values ('p219',6,'2020-09-23','u202');
insert into votes values ('p219',7,'2020-09-24','u204');
insert into votes values ('p219',8,'2020-09-24','u205');
insert into votes values ('p219',9,'2020-09-25','u206');
insert into ubadges values ('u216', '2020-09-20', 'astounding question');
insert into ubadges values ('u201', '2020-09-20', 'fantastic answer');
insert into ubadges values ('u201', '2020-09-21', 'ultra user');
update questions set theaid = 'p219' where pid = 'p218';

insert into posts values ('p220', '2020-09-21', 'What will be the next big thing?','What will be the next best invention that influences our lives to the extent of smart phones?','u201');
insert into questions values ('p220', null);
insert into tags values ('p220', 'innovation');
insert into tags values ('p220', 'invention');
insert into votes values ('p220',1,'2020-09-21','u201');
insert into posts values ('p221', '2020-09-21', 'Augmented Reality', 'Augmented reality will allow us to do so much more, with just-in-time information accessible anytime, anywhere', 'u201');
insert into answers values ('p221', 'p220');
insert into tags values ('p221', 'augmented');
insert into tags values ('p221', 'reality');
insert into tags values ('p221', 'information');
insert into tags values ('p221', 'access');
insert into votes values ('p221',1,'2020-09-21','u201');
insert into posts values ('p222', '2020-09-21', 'nanorobotics','Nanorobotics could become advanced enough to identify and destroy cancer cells, or deliver drugs. This may just be the thing that eradicates cancer.','u216');
insert into answers values ('p222', 'p220');
insert into tags values ('p222', 'nano');
insert into tags values ('p222', 'robotics');
insert into tags values ('p222', 'cancer');
insert into tags values ('p222', 'diseases');
insert into votes values ('p222',1,'2020-09-21','u216');
insert into votes values ('p222',2,'2020-09-21','u202');
insert into votes values ('p222',3,'2020-09-21','u209');
insert into votes values ('p222',4,'2020-09-22','u210');
insert into votes values ('p222',5,'2020-09-22','u207');
insert into votes values ('p222',6,'2020-09-22','u206');
insert into votes values ('p222',7,'2020-09-23','u205');
insert into votes values ('p222',8,'2020-09-23','u204');
insert into votes values ('p222',9,'2020-09-24','u203');
insert into votes values ('p222',10,'2020-09-23','u201');
insert into votes values ('p222',11,'2020-09-23','u208');
insert into votes values ('p222',12,'2020-09-24','u211');
insert into posts values ('p223', '2020-09-22', 'zero carbon natural gas','The ability to efficiently and cheaply capture carbon released by natural gas may very well be the most important way to reverse climate change','u202');
insert into answers values ('p223', 'p220');
insert into tags values ('p223', 'climate change');
insert into tags values ('p223', 'carbon');
insert into tags values ('p223', 'natural gas');
insert into tags values ('p223', 'sustainability');
insert into posts values ('p224', '2020-09-22', 'Autonomous vehicles','We already have the technology to achieve autonomous vehicle and it only needs a final push to be everywhere. This will be like changing from horse carriages to cars all over again.','u204');
insert into answers values ('p224', 'p220');
insert into tags values ('p224', 'autonomous');
insert into tags values ('p224', 'vehicles');
insert into tags values ('p224', 'AI');
insert into votes values ('p224',1,'2020-09-22','u204');
insert into votes values ('p224',2,'2020-09-22','u202');
insert into votes values ('p224',3,'2020-09-23','u201');
insert into votes values ('p224',4,'2020-09-23','u210');
insert into votes values ('p224',5,'2020-09-24','u207');
insert into ubadges values ('u201', '2020-09-22', 'incredible question');
insert into ubadges values ('u216', '2020-09-21', 'fantastic answer');
insert into ubadges values ('u216', '2020-09-22', 'renowned user');
insert into ubadges values ('u204', '2020-09-22', 'epic answer');
update questions set theaid = 'p222' where pid = 'p220';

insert into posts values ('p225','2020-09-23','Do you enjoy working from home?','Does anyone enjoy the ability to work from home?','u202');
insert into tags values ('p225', 'work');
insert into tags values ('p225', 'home');
insert into questions values ('p225',null);

insert into posts values ('p226', '2020-09-24', 'Cake or Pie?','What''s better? Cake or Pie?','u201');
insert into questions values ('p226',null);
insert into tags values ('p226', 'cake');
insert into tags values ('p226', 'pie');
insert into votes values ('p226',1,'2020-09-24','u201');
insert into votes values ('p226',2,'2020-09-24','u204');
insert into votes values ('p226',3,'2020-09-25','u202');
insert into votes values ('p226',4,'2020-09-25','u208');
insert into votes values ('p226',5,'2020-09-26','u216');
insert into votes values ('p226',6,'2020-09-26','u206');
insert into posts values ('p227', '2020-09-24', 'Cake', 'Cake, no contest.', 'u201');
insert into answers values ('p227', 'p226');
insert into tags values ('p227', 'cake');
insert into votes values ('p227',1,'2020-09-24','u201');
insert into posts values ('p228', '2020-09-24', 'Pie','Pie, no contest.','u202');
insert into answers values ('p228', 'p226');
insert into tags values ('p228', 'pie');
insert into votes values ('p228',1,'2020-09-24','u202');
insert into votes values ('p228',2,'2020-09-24','u203');
insert into votes values ('p228',3,'2020-09-25','u205');
insert into posts values ('p229', '2020-09-25', 'Piecake','Why not both?','u216');
insert into answers values ('p229', 'p226');
insert into tags values ('p229', 'pie');
insert into tags values ('p229', 'cake');
insert into ubadges values ('u216', '2020-09-25', 'fantastic answer');
update questions set theaid = 'p228' where pid = 'p226';

insert into posts values ('p230', '2020-09-26', 'What are the best websites that no one knows about?','Do you know any?','u202');
insert into questions values ('p230',null);
insert into tags values ('p230', 'websites');
insert into tags values ('p230', 'unknown');
insert into tags values ('p230', 'best');
insert into votes values ('p230',1,'2020-09-26','u201');
insert into votes values ('p230',2,'2020-09-26','u203');
insert into votes values ('p230',3,'2020-09-26','u202');
insert into votes values ('p230',4,'2020-09-26','u205');
insert into votes values ('p230',5,'2020-09-26','u216');
insert into posts values ('p231', '2020-09-27', 'https://oldgamesdownload.com/', 'Has most pc games between 1970-2000 and is absolutely free', 'u216');
insert into answers values ('p231', 'p230');
insert into tags values ('p231', 'games');
insert into tags values ('p231', 'free');
insert into votes values ('p231',1,'2020-09-26','u201');
insert into votes values ('p231',2,'2020-09-26','u202');
insert into votes values ('p231',3,'2020-09-26','u203');
insert into votes values ('p231',4,'2020-09-26','u204');
insert into votes values ('p231',5,'2020-09-26','u205');
insert into votes values ('p231',6,'2020-09-27','u206');
insert into votes values ('p231',7,'2020-09-27','u207');
insert into votes values ('p231',8,'2020-09-27','u208');
insert into votes values ('p231',9,'2020-09-28','u209');
insert into votes values ('p231',10,'2020-09-28','u210');
insert into votes values ('p231',11,'2020-09-28','u216');
insert into posts values ('p232', '2020-09-27', 'https://tastedive.com/', 'Recommends you similar media to the ones you love', 'u203');
insert into answers values ('p232', 'p230');
insert into tags values ('p232', 'media');
insert into tags values ('p232', 'similar');
insert into votes values ('p232',1,'2020-09-27','u001');
insert into votes values ('p232',2,'2020-09-27','u002');
insert into votes values ('p232',3,'2020-09-28','u003');
insert into votes values ('p232',4,'2020-09-28','u004');
insert into votes values ('p232',5,'2020-09-29','u005');
insert into posts values ('p233', '2020-09-27', 'https://regex101.com/', 'An amazing learning and explenation tool for regex', 'u205');
insert into answers values ('p233', 'p230');
insert into tags values ('p233', 'regex');
insert into tags values ('p233', 'learning');
insert into votes values ('p233',1,'2020-09-27','u206');
insert into votes values ('p233',2,'2020-09-28','u207');
insert into votes values ('p233',3,'2020-09-28','u208');
insert into posts values ('p234', '2020-09-27', 'https://sandspiel.club/', 'A fun sandbox game to waste time on', 'u204');
insert into answers values ('p234', 'p230');
insert into tags values ('p234', 'sandbox');
insert into tags values ('p234', 'games');
insert into votes values ('p234',1,'2020-09-27','u009');
insert into votes values ('p234',2,'2020-09-28','u010');
insert into votes values ('p234',3,'2020-09-28','u011');
insert into ubadges values ('u202', '2020-09-26', 'astounding question');
insert into ubadges values ('u216', '2020-09-26', 'fantastic answer');
insert into ubadges values ('u216', '2020-09-27', 'original answer');
insert into ubadges values ('u203', '2020-09-27', 'epic answer');
insert into ubadges values ('u205', '2020-09-28', 'fantastic answer');
insert into ubadges values ('u204', '2020-09-27', 'fantastic answer');
insert into ubadges values ('u204', '2020-09-28', 'nice try answer');
update questions set theaid = 'p231' where pid = 'p230';

insert into posts values ('p235', '2020-09-27', 'Which job is a lot less fun than expected?','Do you know any careers that are absolutely ungratifying?','u216');
insert into questions values ('p235',null);
insert into tags values ('p235', 'job');
insert into tags values ('p235', 'career');
insert into tags values ('p235', 'ungratifying');
insert into votes values ('p235',1,'2020-09-27','u216');
insert into votes values ('p235',2,'2020-09-27','u215');
insert into votes values ('p235',3,'2020-09-27','u214');
insert into votes values ('p235',4,'2020-09-28','u212');
insert into votes values ('p235',5,'2020-09-28','u209');
insert into posts values ('p236', '2020-09-27', 'Archeologist', 'The pay is bad and you hardly ever find anything worthwhile','u201');
insert into answers values ('p236','p235');
insert into tags values ('p236', 'archeology');
insert into votes values ('p236',1,'2020-09-27','u201');
insert into votes values ('p236',2,'2020-09-28','u202');
insert into votes values ('p236',3,'2020-09-28','u204');
insert into posts values ('p237', '2020-09-27', 'Zookeeper', 'The stenches involved in this job will never stop making you gag','u202');
insert into answers values ('p237','p235');
insert into tags values ('p237', 'zooology');
insert into tags values ('p237', 'smell');
insert into votes values ('p237',1,'2020-09-27','u009');
insert into votes values ('p237',2,'2020-09-28','u010');
insert into posts values ('p238', '2020-09-27', 'Chef', 'The stress involved is enough to give anyone a breakdown','u205');
insert into answers values ('p238','p235');
insert into tags values ('p238', 'cooking');
insert into tags values ('p238', 'chef');
insert into tags values ('p238', 'stress');
insert into votes values ('p238',1,'2020-09-27','u005');
insert into ubadges values ('u216', '2020-09-28', 'astounding question');
insert into ubadges values ('u216', '2020-09-29', 'incredible question');
insert into ubadges values ('u201', '2020-09-27', 'original answer');
insert into ubadges values ('u201', '2020-09-28', 'epic answer');
insert into ubadges values ('u202', '2020-09-27', 'fantastic answer');
insert into ubadges values ('u202', '2020-09-28', 'original answer');
insert into ubadges values ('u205', '2020-09-27', 'original answer');
insert into ubadges values ('u205', '2020-09-29', 'nice try answer');
update questions set theaid = 'p236' where pid = 'p235';

insert into posts values ('p239', '2020-09-28', 'How do you like your eggs?', 'What is the best way to cook an egg?','u201');
insert into questions values ('p239',null);
insert into tags values ('p239', 'eggs');
insert into tags values ('p239', 'cooking');
insert into posts values ('p240', '2020-09-28', 'Scrambled', 'You cannot beat a nice scrambled egg', 'u201');
insert into answers values ('p240','p239');
insert into tags values ('p240', 'eggs');
insert into tags values ('p240', 'scrambled');
insert into votes values ('p240',1,'2020-09-28','u201');
insert into votes values ('p240',2,'2020-09-28','u216');
insert into votes values ('p240',3,'2020-09-28','u209');
insert into votes values ('p240',4,'2020-09-28','u207');
insert into votes values ('p240',5,'2020-09-28','u208');
insert into votes values ('p240',6,'2020-09-28','u203');
insert into votes values ('p240',7,'2020-09-28','u204');
insert into votes values ('p240',8,'2020-09-28','u215');
insert into posts values ('p241', '2020-09-28', 'Hard Boiled', '', 'u202');
insert into answers values ('p241','p239');
insert into tags values ('p241', 'eggs');
insert into tags values ('p241', 'hard boiled');
insert into votes values ('p241',1,'2020-09-28','u202');
insert into posts values ('p242', '2020-09-28', 'Sunny Side Up', '', 'u203');
insert into answers values ('p242','p239');
insert into tags values ('p242', 'eggs');
insert into tags values ('p242', 'sunny side up');
insert into votes values ('p242',1,'2020-09-28','u202');
insert into votes values ('p242',2,'2020-09-28','u201');
insert into votes values ('p242',3,'2020-09-28','u216');
insert into votes values ('p242',4,'2020-09-28','u215');
insert into posts values ('p243', '2020-09-28', 'Over Easy', '', 'u204');
insert into answers values ('p243','p239');
insert into tags values ('p243', 'eggs');
insert into tags values ('p243', 'over easy');
insert into posts values ('p244', '2020-09-28', 'Over Medium', '', 'u205');
insert into answers values ('p244','p239');
insert into tags values ('p244', 'eggs');
insert into tags values ('p244', 'over medium');
insert into votes values ('p244',1,'2020-09-28','u205');
insert into votes values ('p244',2,'2020-09-28','u206');
insert into votes values ('p244',3,'2020-09-28','u207');
insert into posts values ('p245', '2020-09-28', 'Poached!', '', 'u206');
insert into answers values ('p245','p239');
insert into tags values ('p245', 'eggs');
insert into tags values ('p245', 'poached');
insert into votes values ('p245',1,'2020-09-28','u206');
insert into votes values ('p245',2,'2020-09-28','u209');
insert into votes values ('p245',3,'2020-09-28','u210');
insert into ubadges values ('u203', '2020-09-28', 'original answer');
update questions set theaid = 'p240' where pid = 'p239';

insert into posts values ('p246','2020-09-28','What do you think about relational databases?','','u002');
insert into tags values ('p246', 'relational');
insert into tags values ('p246', 'database');
insert into questions values ('p246',null);